Zip,population,density,City,St,State,CitySt,County,Country,Coordinates,lat,long
10001,22924,13259.3,New York,New York,NY,"New York,NY",New York,US,"40.7484, -73.9967",40.7484,-73.9967
10002,74993,35781.9,New York,New York,NY,"New York,NY",New York,US,"40.7152, -73.9877",40.7152,-73.9877
10003,54682,37524.3,New York,New York,NY,"New York,NY",New York,US,"40.7313, -73.9892",40.7313,-73.9892
10004,3028,2214.8,New York,New York,NY,"New York,NY",New York,US,"40.7143, -74.006",40.7143,-74.006
10005,8831,37900.9,New York,New York,NY,"New York,NY",New York,US,"40.7056, -74.0083",40.7056,-74.0083
10006,3454,12458.3,New York,New York,NY,"New York,NY",New York,US,"40.7085, -74.0135",40.7085,-74.0135
10007,7023,16915.0,New York,New York,NY,"New York,NY",New York,US,"40.7139, -74.007",40.7139,-74.007
10008,7023,16915.0,New York,New York,NY,"New York,NY",New York,US,"40.7143, -74.006",40.7143,-74.006
10009,57925,38399.1,New York,New York,NY,"New York,NY",New York,US,"40.7262, -73.9796",40.7262,-73.9796
10010,33730,32205.4,New York,New York,NY,"New York,NY",New York,US,"40.7375, -73.9813",40.7375,-73.9813
10011,50472,29744.0,New York,New York,NY,"New York,NY",New York,US,"40.7402, -73.9996",40.7402,-73.9996
10012,23411,28771.0,New York,New York,NY,"New York,NY",New York,US,"40.7255, -73.9983",40.7255,-73.9983
10013,28709,19437.4,New York,New York,NY,"New York,NY",New York,US,"40.7185, -74.0025",40.7185,-74.0025
10014,30738,22447.1,New York,New York,NY,"New York,NY",New York,US,"40.7339, -74.0054",40.7339,-74.0054
10016,51057,39315.3,New York,New York,NY,"New York,NY",New York,US,"40.7443, -73.9781",40.7443,-73.9781
10017,15801,20189.9,New York,New York,NY,"New York,NY",New York,US,"40.7517, -73.9707",40.7517,-73.9707
10018,9687,6252.9,New York,New York,NY,"New York,NY",New York,US,"40.7547, -73.9925",40.7547,-73.9925
10019,43703,23754.2,New York,New York,NY,"New York,NY",New York,US,"40.7651, -73.9858",40.7651,-73.9858
10020,0,0.0,New York,New York,NY,"New York,NY",New York,US,"40.7354, -73.9968",40.7354,-73.9968
10021,46215,44214.6,New York,New York,NY,"New York,NY",New York,US,"40.7685, -73.9588",40.7685,-73.9588
10022,31125,28833.9,New York,New York,NY,"New York,NY",New York,US,"40.7571, -73.9657",40.7571,-73.9657
10023,62435,48060.9,New York,New York,NY,"New York,NY",New York,US,"40.7764, -73.9827",40.7764,-73.9827
10024,59001,26672.3,New York,New York,NY,"New York,NY",New York,US,"40.7864, -73.9764",40.7864,-73.9764
10025,92805,48594.3,New York,New York,NY,"New York,NY",New York,US,"40.7975, -73.9683",40.7975,-73.9683
10026,39363,39504.2,New York,New York,NY,"New York,NY",New York,US,"40.8019, -73.9531",40.8019,-73.9531
10027,64548,26528.8,New York,New York,NY,"New York,NY",New York,US,"40.8116, -73.955",40.8116,-73.955
10028,47793,55636.0,New York,New York,NY,"New York,NY",New York,US,"40.7763, -73.9529",40.7763,-73.9529
10029,79597,36151.2,New York,New York,NY,"New York,NY",New York,US,"40.7918, -73.9447",40.7918,-73.9447
10030,29882,37367.3,New York,New York,NY,"New York,NY",New York,US,"40.8183, -73.9426",40.8183,-73.9426
10031,60254,33563.2,New York,New York,NY,"New York,NY",New York,US,"40.8246, -73.9507",40.8246,-73.9507
10032,64264,33808.6,New York,New York,NY,"New York,NY",New York,US,"40.8382, -73.942",40.8382,-73.942
10033,59607,34923.5,New York,New York,NY,"New York,NY",New York,US,"40.8496, -73.9356",40.8496,-73.9356
10034,42910,13778.0,New York,New York,NY,"New York,NY",New York,US,"40.8662, -73.9221",40.8662,-73.9221
10035,35743,9207.8,New York,New York,NY,"New York,NY",New York,US,"40.8011, -73.9371",40.8011,-73.9371
10036,27428,21721.3,New York,New York,NY,"New York,NY",New York,US,"40.7597, -73.9918",40.7597,-73.9918
10037,21139,26126.3,New York,New York,NY,"New York,NY",New York,US,"40.8135, -73.9381",40.8135,-73.9381
10038,22800,26251.9,New York,New York,NY,"New York,NY",New York,US,"40.7101, -74.0013",40.7101,-74.0013
10039,27726,21653.6,New York,New York,NY,"New York,NY",New York,US,"40.8265, -73.9383",40.8265,-73.9383
10040,44571,42392.8,New York,New York,NY,"New York,NY",New York,US,"40.8583, -73.9296",40.8583,-73.9296
10041,44571,42392.8,New York,New York,NY,"New York,NY",New York,US,"40.7038, -74.0098",40.7038,-74.0098
10043,44571,42392.8,New York,New York,NY,"New York,NY",New York,US,"40.7143, -74.006",40.7143,-74.006
10044,11682,19569.2,New York,New York,NY,"New York,NY",New York,US,"40.7618, -73.9505",40.7618,-73.9505
10045,11682,19569.2,New York,New York,NY,"New York,NY",New York,US,"40.7086, -74.0087",40.7086,-74.0087
10055,11682,19569.2,New York,New York,NY,"New York,NY",New York,US,"40.7808, -73.9772",40.7808,-73.9772
10060,11682,19569.2,New York,New York,NY,"New York,NY",New York,US,"40.7808, -73.9772",40.7808,-73.9772
10065,28109,32772.8,New York,New York,NY,"New York,NY",New York,US,"40.7651, -73.9638",40.7651,-73.9638
10069,5085,20875.8,New York,New York,NY,"New York,NY",New York,US,"40.778, -73.9884",40.778,-73.9884
10075,21556,54746.3,New York,New York,NY,"New York,NY",New York,US,"40.7143, -74.006",40.7143,-74.006
10080,21556,54746.3,New York,New York,NY,"New York,NY",New York,US,"40.7143, -74.006",40.7143,-74.006
10081,21556,54746.3,New York,New York,NY,"New York,NY",New York,US,"40.7143, -74.006",40.7143,-74.006
10087,21556,54746.3,New York,New York,NY,"New York,NY",New York,US,"40.7808, -73.9772",40.7808,-73.9772
10090,21556,54746.3,New York,New York,NY,"New York,NY",New York,US,"40.7808, -73.9772",40.7808,-73.9772
10101,21556,54746.3,New York,New York,NY,"New York,NY",New York,US,"40.7808, -73.9772",40.7808,-73.9772
10102,21556,54746.3,New York,New York,NY,"New York,NY",New York,US,"40.7808, -73.9772",40.7808,-73.9772
10103,0,121.1,New York,New York,NY,"New York,NY",New York,US,"40.7603, -73.9762",40.7603,-73.9762
10104,0,121.1,New York,New York,NY,"New York,NY",New York,US,"40.7609, -73.9799",40.7609,-73.9799
10105,0,121.1,New York,New York,NY,"New York,NY",New York,US,"40.7628, -73.9785",40.7628,-73.9785
10106,0,121.1,New York,New York,NY,"New York,NY",New York,US,"40.7652, -73.9804",40.7652,-73.9804
10107,0,121.1,New York,New York,NY,"New York,NY",New York,US,"40.7664, -73.9827",40.7664,-73.9827
10108,0,121.1,New York,New York,NY,"New York,NY",New York,US,"40.7808, -73.9772",40.7808,-73.9772
10109,0,121.1,New York,New York,NY,"New York,NY",New York,US,"40.7808, -73.9772",40.7808,-73.9772
10110,0,0.0,New York,New York,NY,"New York,NY",New York,US,"40.754, -73.9808",40.754,-73.9808
10111,0,0.0,New York,New York,NY,"New York,NY",New York,US,"40.7592, -73.9778",40.7592,-73.9778
10112,0,0.0,New York,New York,NY,"New York,NY",New York,US,"40.7593, -73.9798",40.7593,-73.9798
10113,0,0.0,New York,New York,NY,"New York,NY",New York,US,"40.7808, -73.9772",40.7808,-73.9772
10114,0,0.0,New York,New York,NY,"New York,NY",New York,US,"40.7808, -73.9772",40.7808,-73.9772
10115,0,0.0,New York,New York,NY,"New York,NY",New York,US,"40.8111, -73.9642",40.8111,-73.9642
10116,0,0.0,New York,New York,NY,"New York,NY",New York,US,"40.7808, -73.9772",40.7808,-73.9772
10117,0,0.0,New York,New York,NY,"New York,NY",New York,US,"40.7808, -73.9772",40.7808,-73.9772
10118,0,0.0,New York,New York,NY,"New York,NY",New York,US,"40.749, -73.9865",40.749,-73.9865
10119,0,2159.0,New York,New York,NY,"New York,NY",New York,US,"40.7808, -73.9772",40.7808,-73.9772
10120,0,2159.0,New York,New York,NY,"New York,NY",New York,US,"40.7506, -73.9894",40.7506,-73.9894
10121,0,2159.0,New York,New York,NY,"New York,NY",New York,US,"40.7496, -73.9919",40.7496,-73.9919
10122,0,2159.0,New York,New York,NY,"New York,NY",New York,US,"40.7518, -73.9922",40.7518,-73.9922
10123,0,2159.0,New York,New York,NY,"New York,NY",New York,US,"40.7515, -73.9905",40.7515,-73.9905
10124,0,2159.0,New York,New York,NY,"New York,NY",New York,US,"40.7808, -73.9772",40.7808,-73.9772
10125,0,2159.0,New York,New York,NY,"New York,NY",New York,US,"40.7808, -73.9772",40.7808,-73.9772
10126,0,2159.0,New York,New York,NY,"New York,NY",New York,US,"40.7808, -73.9772",40.7808,-73.9772
10128,59256,50118.8,New York,New York,NY,"New York,NY",New York,US,"40.7816, -73.9511",40.7816,-73.9511
10129,59256,50118.8,New York,New York,NY,"New York,NY",New York,US,"40.7808, -73.9772",40.7808,-73.9772
10130,59256,50118.8,New York,New York,NY,"New York,NY",New York,US,"40.7808, -73.9772",40.7808,-73.9772
10131,59256,50118.8,New York,New York,NY,"New York,NY",New York,US,"40.7808, -73.9772",40.7808,-73.9772
10132,59256,50118.8,New York,New York,NY,"New York,NY",New York,US,"40.7808, -73.9772",40.7808,-73.9772
10133,59256,50118.8,New York,New York,NY,"New York,NY",New York,US,"40.7808, -73.9772",40.7808,-73.9772
10138,59256,50118.8,New York,New York,NY,"New York,NY",New York,US,"40.7808, -73.9772",40.7808,-73.9772
10150,59256,50118.8,New York,New York,NY,"New York,NY",New York,US,"40.7808, -73.9772",40.7808,-73.9772
10151,59256,50118.8,New York,New York,NY,"New York,NY",New York,US,"40.7634, -73.974",40.7634,-73.974
10152,0,0.0,New York,New York,NY,"New York,NY",New York,US,"40.7589, -73.973",40.7589,-73.973
10153,0,0.0,New York,New York,NY,"New York,NY",New York,US,"40.7641, -73.9735",40.7641,-73.9735
10154,0,0.0,New York,New York,NY,"New York,NY",New York,US,"40.7583, -73.9735",40.7583,-73.9735
10155,0,0.0,New York,New York,NY,"New York,NY",New York,US,"40.7611, -73.968",40.7611,-73.968
10156,0,0.0,New York,New York,NY,"New York,NY",New York,US,"40.7808, -73.9772",40.7808,-73.9772
10157,0,0.0,New York,New York,NY,"New York,NY",New York,US,"40.7808, -73.9772",40.7808,-73.9772
10158,0,0.0,New York,New York,NY,"New York,NY",New York,US,"40.7494, -73.9758",40.7494,-73.9758
10159,0,0.0,New York,New York,NY,"New York,NY",New York,US,"40.7808, -73.9772",40.7808,-73.9772
10160,0,0.0,New York,New York,NY,"New York,NY",New York,US,"40.7808, -73.9772",40.7808,-73.9772
10161,0,0.0,New York,New York,NY,"New York,NY",New York,US,"40.7808, -73.9772",40.7808,-73.9772
10162,1584,56520.9,New York,New York,NY,"New York,NY",New York,US,"40.7699, -73.9511",40.7699,-73.9511
10163,1584,56520.9,New York,New York,NY,"New York,NY",New York,US,"40.7808, -73.9772",40.7808,-73.9772
10164,1584,56520.9,New York,New York,NY,"New York,NY",New York,US,"40.7808, -73.9772",40.7808,-73.9772
10165,0,153.2,New York,New York,NY,"New York,NY",New York,US,"40.7524, -73.9791",40.7524,-73.9791
10166,0,153.2,New York,New York,NY,"New York,NY",New York,US,"40.7546, -73.9762",40.7546,-73.9762
10167,0,0.0,New York,New York,NY,"New York,NY",New York,US,"40.7549, -73.975",40.7549,-73.975
10168,0,0.0,New York,New York,NY,"New York,NY",New York,US,"40.7519, -73.9768",40.7519,-73.9768
10169,0,0.0,New York,New York,NY,"New York,NY",New York,US,"40.7547, -73.9766",40.7547,-73.9766
10170,0,80.3,New York,New York,NY,"New York,NY",New York,US,"40.7526, -73.9755",40.7526,-73.9755
10171,0,0.0,New York,New York,NY,"New York,NY",New York,US,"40.7564, -73.9748",40.7564,-73.9748
10172,0,0.0,New York,New York,NY,"New York,NY",New York,US,"40.7558, -73.9753",40.7558,-73.9753
10173,0,162.6,New York,New York,NY,"New York,NY",New York,US,"40.7543, -73.9796",40.7543,-73.9796
10174,0,0.0,New York,New York,NY,"New York,NY",New York,US,"40.7517, -73.9752",40.7517,-73.9752
10175,0,0.0,New York,New York,NY,"New York,NY",New York,US,"40.7543, -73.9798",40.7543,-73.9798
10176,0,0.0,New York,New York,NY,"New York,NY",New York,US,"40.7556, -73.9789",40.7556,-73.9789
10177,0,0.0,New York,New York,NY,"New York,NY",New York,US,"40.7553, -73.9761",40.7553,-73.9761
10178,0,0.0,New York,New York,NY,"New York,NY",New York,US,"40.7514, -73.9785",40.7514,-73.9785
10179,0,0.0,New York,New York,NY,"New York,NY",New York,US,"40.7808, -73.9772",40.7808,-73.9772
10185,0,0.0,New York,New York,NY,"New York,NY",New York,US,"40.7808, -73.9772",40.7808,-73.9772
10199,148,137.6,New York,New York,NY,"New York,NY",New York,US,"40.7503, -74.0006",40.7503,-74.0006
10203,148,137.6,New York,New York,NY,"New York,NY",New York,US,"40.7143, -74.006",40.7143,-74.006
10211,148,137.6,New York,New York,NY,"New York,NY",New York,US,"40.7808, -73.9772",40.7808,-73.9772
10212,148,137.6,New York,New York,NY,"New York,NY",New York,US,"40.7143, -74.006",40.7143,-74.006
10213,148,137.6,New York,New York,NY,"New York,NY",New York,US,"40.7143, -74.006",40.7143,-74.006
10242,148,137.6,New York,New York,NY,"New York,NY",New York,US,"40.7143, -74.006",40.7143,-74.006
10249,148,137.6,New York,New York,NY,"New York,NY",New York,US,"40.7143, -74.006",40.7143,-74.006
10256,148,137.6,New York,New York,NY,"New York,NY",New York,US,"40.7143, -74.006",40.7143,-74.006
10258,148,137.6,New York,New York,NY,"New York,NY",New York,US,"40.7143, -74.006",40.7143,-74.006
10259,148,137.6,New York,New York,NY,"New York,NY",New York,US,"40.7143, -74.006",40.7143,-74.006
10260,148,137.6,New York,New York,NY,"New York,NY",New York,US,"40.7143, -74.006",40.7143,-74.006
10261,148,137.6,New York,New York,NY,"New York,NY",New York,US,"40.7808, -73.9772",40.7808,-73.9772
10265,148,137.6,New York,New York,NY,"New York,NY",New York,US,"40.7143, -74.006",40.7143,-74.006
10268,148,137.6,New York,New York,NY,"New York,NY",New York,US,"40.7808, -73.9772",40.7808,-73.9772
10269,148,137.6,New York,New York,NY,"New York,NY",New York,US,"40.7808, -73.9772",40.7808,-73.9772
10270,148,137.6,New York,New York,NY,"New York,NY",New York,US,"40.7069, -74.0082",40.7069,-74.0082
10271,0,0.0,New York,New York,NY,"New York,NY",New York,US,"40.7089, -74.0111",40.7089,-74.0111
10272,0,0.0,New York,New York,NY,"New York,NY",New York,US,"40.7808, -73.9772",40.7808,-73.9772
10273,0,0.0,New York,New York,NY,"New York,NY",New York,US,"40.7143, -74.006",40.7143,-74.006
10274,0,0.0,New York,New York,NY,"New York,NY",New York,US,"40.7808, -73.9772",40.7808,-73.9772
10275,0,0.0,New York,New York,NY,"New York,NY",New York,US,"40.7808, -73.9772",40.7808,-73.9772
10276,0,0.0,New York,New York,NY,"New York,NY",New York,US,"40.7808, -73.9772",40.7808,-73.9772
10277,0,0.0,New York,New York,NY,"New York,NY",New York,US,"40.7808, -73.9772",40.7808,-73.9772
10278,0,0.0,New York,New York,NY,"New York,NY",New York,US,"40.7152, -74.0038",40.7152,-74.0038
10279,43,0.0,New York,New York,NY,"New York,NY",New York,US,"40.7127, -74.0078",40.7127,-74.0078
10280,9384,26417.5,New York,New York,NY,"New York,NY",New York,US,"40.7105, -74.0163",40.7105,-74.0163
10281,9384,26417.5,New York,New York,NY,"New York,NY",New York,US,"40.7146, -74.015",40.7146,-74.015
10282,5593,26893.9,New York,New York,NY,"New York,NY",New York,US,"40.7166, -74.0146",40.7166,-74.0146
10285,5593,26893.9,New York,New York,NY,"New York,NY",New York,US,"40.7143, -74.006",40.7143,-74.006
10286,5593,26893.9,New York,New York,NY,"New York,NY",New York,US,"40.7142, -74.0119",40.7142,-74.0119
11004,15234,5699.6,Glen Oaks,New York,NY,"Glen Oaks,NY",Queens,US,"40.7481, -73.7114",40.7481,-73.7114
11005,1749,3800.9,Floral Park,New York,NY,"Floral Park,NY",Queens,US,"40.7571, -73.7182",40.7571,-73.7182
11101,30043,3779.2,Long Island City,New York,NY,"Long Island City,NY",Queens,US,"40.7446, -73.9345",40.7446,-73.9345
11102,30800,16711.6,Astoria,New York,NY,"Astoria,NY",Queens,US,"40.7706, -73.9265",40.7706,-73.9265
11103,36140,21044.4,Astoria,New York,NY,"Astoria,NY",Queens,US,"40.7627, -73.9149",40.7627,-73.9149
11104,26119,27093.6,Sunnyside,New York,NY,"Sunnyside,NY",Queens,US,"40.7436, -73.9216",40.7436,-73.9216
11105,37382,8420.6,Astoria,New York,NY,"Astoria,NY",Queens,US,"40.7763, -73.911",40.7763,-73.911
11106,38363,17558.1,Astoria,New York,NY,"Astoria,NY",Queens,US,"40.7608, -73.9295",40.7608,-73.9295
11109,5981,27330.4,Long Island City,New York,NY,"Long Island City,NY",Queens,US,"40.7454, -73.9575",40.7454,-73.9575
11120,5981,27330.4,Long Island City,New York,NY,"Long Island City,NY",Queens,US,"40.7448, -73.9487",40.7448,-73.9487
11351,0,0.0,Flushing,New York,NY,"Flushing,NY",Queens,US,"40.7817, -73.8317",40.7817,-73.8317
11352,0,0.0,Flushing,New York,NY,"Flushing,NY",Queens,US,"40.6514, -73.8708",40.6514,-73.8708
11354,55200,9727.7,Flushing,New York,NY,"Flushing,NY",Queens,US,"40.7667, -73.8241",40.7667,-73.8241
11355,80853,19106.8,Flushing,New York,NY,"Flushing,NY",Queens,US,"40.7536, -73.8226",40.7536,-73.8226
11356,23362,5738.9,College Point,New York,NY,"College Point,NY",Queens,US,"40.7855, -73.845",40.7855,-73.845
11357,39902,5377.9,Whitestone,New York,NY,"Whitestone,NY",Queens,US,"40.7851, -73.8096",40.7851,-73.8096
11358,37190,7439.1,Flushing,New York,NY,"Flushing,NY",Queens,US,"40.7606, -73.7968",40.7606,-73.7968
11359,0,0.0,Bayside,New York,NY,"Bayside,NY",Queens,US,"40.7928, -73.7767",40.7928,-73.7767
11360,19621,5232.4,Bayside,New York,NY,"Bayside,NY",Queens,US,"40.7807, -73.7812",40.7807,-73.7812
11361,27246,6255.9,Bayside,New York,NY,"Bayside,NY",Queens,US,"40.7627, -73.7745",40.7627,-73.7745
11362,18721,2719.3,Little Neck,New York,NY,"Little Neck,NY",Queens,US,"40.7591, -73.7326",40.7591,-73.7326
11363,6952,3136.6,Little Neck,New York,NY,"Little Neck,NY",Queens,US,"40.7722, -73.7454",40.7722,-73.7454
11364,36806,5406.6,Oakland Gardens,New York,NY,"Oakland Gardens,NY",Queens,US,"40.7428, -73.7588",40.7428,-73.7588
11365,44983,6528.7,Fresh Meadows,New York,NY,"Fresh Meadows,NY",Queens,US,"40.7374, -73.7951",40.7374,-73.7951
11366,14650,4780.1,Fresh Meadows,New York,NY,"Fresh Meadows,NY",Queens,US,"40.7272, -73.7949",40.7272,-73.7949
11367,41824,6728.6,Flushing,New York,NY,"Flushing,NY",Queens,US,"40.728, -73.8195",40.728,-73.8195
11368,112425,16141.4,Corona,New York,NY,"Corona,NY",Queens,US,"40.7453, -73.8611",40.7453,-73.8611
11369,34118,13674.1,East Elmhurst,New York,NY,"East Elmhurst,NY",Queens,US,"40.7613, -73.8739",40.7613,-73.8739
11370,32514,10282.2,East Elmhurst,New York,NY,"East Elmhurst,NY",Queens,US,"40.7611, -73.8916",40.7611,-73.8916
11371,0,0.0,Flushing,New York,NY,"Flushing,NY",Queens,US,"40.7721, -73.8735",40.7721,-73.8735
11372,61844,34729.8,Jackson Heights,New York,NY,"Jackson Heights,NY",Queens,US,"40.7513, -73.883",40.7513,-73.883
11373,93967,25573.8,Elmhurst,New York,NY,"Elmhurst,NY",Queens,US,"40.7351, -73.8776",40.7351,-73.8776
11374,42653,17850.4,Rego Park,New York,NY,"Rego Park,NY",Queens,US,"40.7278, -73.8602",40.7278,-73.8602
11375,73488,13340.8,Forest Hills,New York,NY,"Forest Hills,NY",Queens,US,"40.7229, -73.8473",40.7229,-73.8473
11377,86421,13672.9,Woodside,New York,NY,"Woodside,NY",Queens,US,"40.745, -73.9069",40.745,-73.9069
11378,37279,5241.3,Maspeth,New York,NY,"Maspeth,NY",Queens,US,"40.7239, -73.8997",40.7239,-73.8997
11379,37851,6479.9,Middle Village,New York,NY,"Middle Village,NY",Queens,US,"40.7173, -73.8792",40.7173,-73.8792
11380,37851,6479.9,Elmhurst,New York,NY,"Elmhurst,NY",Queens,US,"40.7365, -73.8779",40.7365,-73.8779
11381,37851,6479.9,Flushing,New York,NY,"Flushing,NY",Queens,US,"40.6514, -73.8708",40.6514,-73.8708
11385,106717,10527.6,Ridgewood,New York,NY,"Ridgewood,NY",Queens,US,"40.7036, -73.8961",40.7036,-73.8961
11386,106717,10527.6,Ridgewood,New York,NY,"Ridgewood,NY",Queens,US,"40.7001, -73.9057",40.7001,-73.9057
11405,106717,10527.6,Jamaica,New York,NY,"Jamaica,NY",Queens,US,"40.6514, -73.8708",40.6514,-73.8708
11411,20759,6133.9,Cambria Heights,New York,NY,"Cambria Heights,NY",Queens,US,"40.6947, -73.7374",40.6947,-73.7374
11412,37458,8176.9,Saint Albans,New York,NY,"Saint Albans,NY",Queens,US,"40.6958, -73.7617",40.6958,-73.7617
11413,42443,4839.9,Springfield Gardens,New York,NY,"Springfield Gardens,NY",Queens,US,"40.6645, -73.7559",40.6645,-73.7559
11414,29219,4366.6,Howard Beach,New York,NY,"Howard Beach,NY",Queens,US,"40.6588, -73.8438",40.6588,-73.8438
11415,19372,13194.6,Kew Gardens,New York,NY,"Kew Gardens,NY",Queens,US,"40.7069, -73.8297",40.7069,-73.8297
11416,27125,14506.1,Ozone Park,New York,NY,"Ozone Park,NY",Queens,US,"40.6838, -73.8514",40.6838,-73.8514
11417,31927,9994.1,Ozone Park,New York,NY,"Ozone Park,NY",Queens,US,"40.6769, -73.8448",40.6769,-73.8448
11418,38517,8579.9,Richmond Hill,New York,NY,"Richmond Hill,NY",Queens,US,"40.6982, -73.8345",40.6982,-73.8345
11419,49618,16283.6,South Richmond Hill,New York,NY,"South Richmond Hill,NY",Queens,US,"40.6868, -73.823",40.6868,-73.823
11420,48489,8243.5,South Ozone Park,New York,NY,"South Ozone Park,NY",Queens,US,"40.6744, -73.819",40.6744,-73.819
11421,41002,11709.4,Woodhaven,New York,NY,"Woodhaven,NY",Queens,US,"40.6913, -73.8585",40.6913,-73.8585
11422,32082,5861.1,Rosedale,New York,NY,"Rosedale,NY",Queens,US,"40.6621, -73.7353",40.6621,-73.7353
11423,31400,8180.4,Hollis,New York,NY,"Hollis,NY",Queens,US,"40.7142, -73.7677",40.7142,-73.7677
11424,0,0.0,Jamaica,New York,NY,"Jamaica,NY",Queens,US,"40.6514, -73.8708",40.6514,-73.8708
11425,0,0.0,Jamaica,New York,NY,"Jamaica,NY",Queens,US,"40.6514, -73.8708",40.6514,-73.8708
11426,20801,5034.0,Bellerose,New York,NY,"Bellerose,NY",Queens,US,"40.7347, -73.723",40.7347,-73.723
11427,24037,5761.7,Queens Village,New York,NY,"Queens Village,NY",Queens,US,"40.7277, -73.7489",40.7277,-73.7489
11428,18929,8899.5,Queens Village,New York,NY,"Queens Village,NY",Queens,US,"40.7208, -73.7433",40.7208,-73.7433
11429,27403,7491.8,Queens Village,New York,NY,"Queens Village,NY",Queens,US,"40.709, -73.7401",40.709,-73.7401
11430,198,10.2,Jamaica,New York,NY,"Jamaica,NY",Queens,US,"40.6472, -73.7827",40.6472,-73.7827
11431,198,10.2,Jamaica,New York,NY,"Jamaica,NY",Queens,US,"40.6869, -73.8501",40.6869,-73.8501
11432,62053,10923.4,Jamaica,New York,NY,"Jamaica,NY",Queens,US,"40.7119, -73.7944",40.7119,-73.7944
11433,36489,8145.6,Jamaica,New York,NY,"Jamaica,NY",Queens,US,"40.6969, -73.7877",40.6969,-73.7877
11434,65791,6985.1,Jamaica,New York,NY,"Jamaica,NY",Queens,US,"40.6775, -73.7758",40.6775,-73.7758
11435,59296,13561.0,Jamaica,New York,NY,"Jamaica,NY",Queens,US,"40.7029, -73.8111",40.7029,-73.8111
11436,20077,8736.8,Jamaica,New York,NY,"Jamaica,NY",Queens,US,"40.6763, -73.7966",40.6763,-73.7966
11439,20077,8736.8,Jamaica,New York,NY,"Jamaica,NY",Queens,US,"40.722, -73.7908",40.722,-73.7908
11451,0,0.0,Jamaica,New York,NY,"Jamaica,NY",Queens,US,"40.6514, -73.8708",40.6514,-73.8708
11499,0,0.0,Jamaica,New York,NY,"Jamaica,NY",Queens,US,"40.6514, -73.8708",40.6514,-73.8708
11690,13715,2583.8,Far Rockaway,New York,NY,"Far Rockaway,NY",Queens,US,"40.6054, -73.7551",40.6054,-73.7551
11691,67094,8420.2,Far Rockaway,New York,NY,"Far Rockaway,NY",Queens,US,"40.6006, -73.758",40.6006,-73.758
11692,20991,7140.0,Arverne,New York,NY,"Arverne,NY",Queens,US,"40.5923, -73.7933",40.5923,-73.7933
11693,12919,4665.8,Far Rockaway,New York,NY,"Far Rockaway,NY",Queens,US,"40.6076, -73.8198",40.6076,-73.8198
11694,21354,5896.8,Rockaway Park,New York,NY,"Rockaway Park,NY",Queens,US,"40.5766, -73.8428",40.5766,-73.8428
11695,21354,5896.8,Far Rockaway,New York,NY,"Far Rockaway,NY",Queens,US,"40.6514, -73.8708",40.6514,-73.8708
11697,3540,606.8,Breezy Point,New York,NY,"Breezy Point,NY",Queens,US,"40.5594, -73.9067",40.5594,-73.9067
10301,38733,4321.4,Staten Island,New York,NY,"Staten Island,NY",Richmond,US,"40.6316, -74.0927",40.6316,-74.0927
10302,18204,6199.2,Staten Island,New York,NY,"Staten Island,NY",Richmond,US,"40.6306, -74.1379",40.6306,-74.1379
10303,25947,3234.7,Staten Island,New York,NY,"Staten Island,NY",Richmond,US,"40.6301, -74.1607",40.6301,-74.1607
10304,41064,4369.7,Staten Island,New York,NY,"Staten Island,NY",Richmond,US,"40.6102, -74.0878",40.6102,-74.0878
10305,42298,4051.5,Staten Island,New York,NY,"Staten Island,NY",Richmond,US,"40.5973, -74.0768",40.5973,-74.0768
10306,53142,2887.9,Staten Island,New York,NY,"Staten Island,NY",Richmond,US,"40.5682, -74.1184",40.5682,-74.1184
10307,15232,2958.8,Staten Island,New York,NY,"Staten Island,NY",Richmond,US,"40.5085, -74.2445",40.5085,-74.2445
10308,30186,5364.6,Staten Island,New York,NY,"Staten Island,NY",Richmond,US,"40.5518, -74.1526",40.5518,-74.1526
10309,33531,1886.3,Staten Island,New York,NY,"Staten Island,NY",Richmond,US,"40.5352, -74.2116",40.5352,-74.2116
10310,23262,5368.7,Staten Island,New York,NY,"Staten Island,NY",Richmond,US,"40.6324, -74.1171",40.6324,-74.1171
10311,0,0.0,Staten Island,New York,NY,"Staten Island,NY",Richmond,US,"40.6052, -74.1795",40.6052,-74.1795
10312,61741,3020.2,Staten Island,New York,NY,"Staten Island,NY",Richmond,US,"40.5457, -74.1792",40.5457,-74.1792
10313,61741,3020.2,Staten Island,New York,NY,"Staten Island,NY",Richmond,US,"40.5644, -74.1468",40.5644,-74.1468
10314,90761,2413.4,Staten Island,New York,NY,"Staten Island,NY",Richmond,US,"40.6039, -74.1472",40.6039,-74.1472
10451,47798,17151.2,Bronx,New York,NY,"Bronx,NY",Bronx,US,"40.8222, -73.9217",40.8222,-73.9217
10452,76078,29444.3,Bronx,New York,NY,"Bronx,NY",Bronx,US,"40.8376, -73.9216",40.8376,-73.9216
10453,79606,33006.7,Bronx,New York,NY,"Bronx,NY",Bronx,US,"40.852, -73.9129",40.852,-73.9129
10454,38203,13755.0,Bronx,New York,NY,"Bronx,NY",Bronx,US,"40.8085, -73.9198",40.8085,-73.9198
10455,42283,21476.4,Bronx,New York,NY,"Bronx,NY",Bronx,US,"40.8153, -73.9072",40.8153,-73.9072
10456,94218,32836.8,Bronx,New York,NY,"Bronx,NY",Bronx,US,"40.8316, -73.9099",40.8316,-73.9099
10457,74554,25699.2,Bronx,New York,NY,"Bronx,NY",Bronx,US,"40.8486, -73.8999",40.8486,-73.8999
10458,83960,30530.3,Bronx,New York,NY,"Bronx,NY",Bronx,US,"40.8633, -73.8895",40.8633,-73.8895
10459,48351,22269.8,Bronx,New York,NY,"Bronx,NY",Bronx,US,"40.8247, -73.894",40.8247,-73.894
10460,59505,16860.9,Bronx,New York,NY,"Bronx,NY",Bronx,US,"40.8409, -73.8794",40.8409,-73.8794
10461,50348,8143.1,Bronx,New York,NY,"Bronx,NY",Bronx,US,"40.8465, -73.841",40.8465,-73.841
10462,76756,19848.6,Bronx,New York,NY,"Bronx,NY",Bronx,US,"40.8434, -73.8602",40.8434,-73.8602
10463,71360,18097.1,Bronx,New York,NY,"Bronx,NY",Bronx,US,"40.8798, -73.9067",40.8798,-73.9067
10464,4434,504.2,Bronx,New York,NY,"Bronx,NY",Bronx,US,"40.8469, -73.7874",40.8469,-73.7874
10465,44205,4799.6,Bronx,New York,NY,"Bronx,NY",Bronx,US,"40.8261, -73.8196",40.8261,-73.8196
10466,72479,13002.9,Bronx,New York,NY,"Bronx,NY",Bronx,US,"40.8904, -73.8503",40.8904,-73.8503
10467,103732,16045.2,Bronx,New York,NY,"Bronx,NY",Bronx,US,"40.8737, -73.8712",40.8737,-73.8712
10468,78647,27442.2,Bronx,New York,NY,"Bronx,NY",Bronx,US,"40.8662, -73.9003",40.8662,-73.9003
10469,73870,10404.0,Bronx,New York,NY,"Bronx,NY",Bronx,US,"40.8702, -73.8495",40.8702,-73.8495
10470,15432,4129.4,Bronx,New York,NY,"Bronx,NY",Bronx,US,"40.9, -73.8622",40.9,-73.8622
10471,21896,3441.8,Bronx,New York,NY,"Bronx,NY",Bronx,US,"40.9011, -73.9053",40.9011,-73.9053
10472,68796,24312.8,Bronx,New York,NY,"Bronx,NY",Bronx,US,"40.8295, -73.8716",40.8295,-73.8716
10473,59609,10563.9,Bronx,New York,NY,"Bronx,NY",Bronx,US,"40.8194, -73.8606",40.8194,-73.8606
10474,12127,3100.2,Bronx,New York,NY,"Bronx,NY",Bronx,US,"40.8139, -73.8841",40.8139,-73.8841
10475,43208,9189.1,Bronx,New York,NY,"Bronx,NY",Bronx,US,"40.8729, -73.8278",40.8729,-73.8278
11201,62823,14028.1,Brooklyn,New York,NY,"Brooklyn,NY",Kings,US,"40.694, -73.9903",40.694,-73.9903
11202,62823,14028.1,Brooklyn,New York,NY,"Brooklyn,NY",Kings,US,"40.6451, -73.945",40.6451,-73.945
11203,75451,13711.2,Brooklyn,New York,NY,"Brooklyn,NY",Kings,US,"40.6505, -73.9349",40.6505,-73.9349
11204,76978,18996.1,Brooklyn,New York,NY,"Brooklyn,NY",Kings,US,"40.6179, -73.9856",40.6179,-73.9856
11205,46064,16493.8,Brooklyn,New York,NY,"Brooklyn,NY",Kings,US,"40.6924, -73.9666",40.6924,-73.9666
11206,88349,21984.4,Brooklyn,New York,NY,"Brooklyn,NY",Kings,US,"40.7012, -73.9436",40.7012,-73.9436
11207,91972,13494.3,Brooklyn,New York,NY,"Brooklyn,NY",Kings,US,"40.6705, -73.894",40.6705,-73.894
11208,98660,10195.4,Brooklyn,New York,NY,"Brooklyn,NY",Kings,US,"40.6762, -73.8736",40.6762,-73.8736
11209,67809,12527.1,Brooklyn,New York,NY,"Brooklyn,NY",Kings,US,"40.6251, -74.0303",40.6251,-74.0303
11210,67040,14583.6,Brooklyn,New York,NY,"Brooklyn,NY",Kings,US,"40.6281, -73.9467",40.6281,-73.9467
11211,102624,15047.6,Brooklyn,New York,NY,"Brooklyn,NY",Kings,US,"40.7095, -73.9563",40.7095,-73.9563
11212,76527,21202.2,Brooklyn,New York,NY,"Brooklyn,NY",Kings,US,"40.6625, -73.9145",40.6625,-73.9145
11213,66295,22579.4,Brooklyn,New York,NY,"Brooklyn,NY",Kings,US,"40.67, -73.9367",40.67,-73.9367
11214,92946,15777.5,Brooklyn,New York,NY,"Brooklyn,NY",Kings,US,"40.6016, -73.9968",40.6016,-73.9968
11215,70156,11270.5,Brooklyn,New York,NY,"Brooklyn,NY",Kings,US,"40.6669, -73.9828",40.6669,-73.9828
11216,56308,22433.5,Brooklyn,New York,NY,"Brooklyn,NY",Kings,US,"40.6794, -73.9496",40.6794,-73.9496
11217,41407,18472.1,Brooklyn,New York,NY,"Brooklyn,NY",Kings,US,"40.6816, -73.9798",40.6816,-73.9798
11218,74508,20331.4,Brooklyn,New York,NY,"Brooklyn,NY",Kings,US,"40.6424, -73.9758",40.6424,-73.9758
11219,90036,24025.2,Brooklyn,New York,NY,"Brooklyn,NY",Kings,US,"40.6336, -73.996",40.6336,-73.996
11220,95643,22037.0,Brooklyn,New York,NY,"Brooklyn,NY",Kings,US,"40.6412, -74.0133",40.6412,-74.0133
11221,83835,22020.5,Brooklyn,New York,NY,"Brooklyn,NY",Kings,US,"40.6907, -73.9274",40.6907,-73.9274
11222,36492,9292.3,Brooklyn,New York,NY,"Brooklyn,NY",Kings,US,"40.7272, -73.9498",40.7272,-73.9498
11223,81789,14659.2,Brooklyn,New York,NY,"Brooklyn,NY",Kings,US,"40.5979, -73.9743",40.5979,-73.9743
11224,46707,11593.1,Brooklyn,New York,NY,"Brooklyn,NY",Kings,US,"40.5767, -73.9884",40.5767,-73.9884
11225,58882,24824.2,Brooklyn,New York,NY,"Brooklyn,NY",Kings,US,"40.6628, -73.9546",40.6628,-73.9546
11226,100277,30415.4,Brooklyn,New York,NY,"Brooklyn,NY",Kings,US,"40.6467, -73.957",40.6467,-73.957
11228,44994,10957.3,Brooklyn,New York,NY,"Brooklyn,NY",Kings,US,"40.6174, -74.0121",40.6174,-74.0121
11229,83615,14307.7,Brooklyn,New York,NY,"Brooklyn,NY",Kings,US,"40.6011, -73.9475",40.6011,-73.9475
11230,89075,18125.5,Brooklyn,New York,NY,"Brooklyn,NY",Kings,US,"40.6225, -73.965",40.6225,-73.965
11231,37845,9053.9,Brooklyn,New York,NY,"Brooklyn,NY",Kings,US,"40.6794, -74.0014",40.6794,-74.0014
11232,27602,9162.6,Brooklyn,New York,NY,"Brooklyn,NY",Kings,US,"40.6521, -74.0018",40.6521,-74.0018
11233,76819,19194.0,Brooklyn,New York,NY,"Brooklyn,NY",Kings,US,"40.6784, -73.9211",40.6784,-73.9211
11234,95666,4572.6,Brooklyn,New York,NY,"Brooklyn,NY",Kings,US,"40.6205, -73.9239",40.6205,-73.9239
11235,78128,13613.7,Brooklyn,New York,NY,"Brooklyn,NY",Kings,US,"40.5839, -73.9536",40.5839,-73.9536
11236,100331,10071.1,Brooklyn,New York,NY,"Brooklyn,NY",Kings,US,"40.6407, -73.9028",40.6407,-73.9028
11237,49310,19583.0,Brooklyn,New York,NY,"Brooklyn,NY",Kings,US,"40.7006, -73.918",40.7006,-73.918
11238,54540,17188.6,Brooklyn,New York,NY,"Brooklyn,NY",Kings,US,"40.679, -73.9644",40.679,-73.9644
11239,13244,8377.3,Brooklyn,New York,NY,"Brooklyn,NY",Kings,US,"40.6497, -73.8824",40.6497,-73.8824
11241,13244,8377.3,Brooklyn,New York,NY,"Brooklyn,NY",Kings,US,"40.6451, -73.945",40.6451,-73.945
11242,13244,8377.3,Brooklyn,New York,NY,"Brooklyn,NY",Kings,US,"40.6451, -73.945",40.6451,-73.945
11243,13244,8377.3,Brooklyn,New York,NY,"Brooklyn,NY",Kings,US,"40.6451, -73.945",40.6451,-73.945
11245,13244,8377.3,Brooklyn,New York,NY,"Brooklyn,NY",Kings,US,"40.6451, -73.945",40.6451,-73.945
11247,13244,8377.3,Brooklyn,New York,NY,"Brooklyn,NY",Kings,US,"40.6451, -73.945",40.6451,-73.945
11249,13244,8377.3,Brooklyn,New York,NY,"Brooklyn,NY",Kings,US,"40.6451, -73.945",40.6451,-73.945
11251,13244,8377.3,Brooklyn,New York,NY,"Brooklyn,NY",Kings,US,"40.6451, -73.945",40.6451,-73.945
11252,13244,8377.3,Brooklyn,New York,NY,"Brooklyn,NY",Kings,US,"40.6451, -73.945",40.6451,-73.945
11256,13244,8377.3,Brooklyn,New York,NY,"Brooklyn,NY",Kings,US,"40.6451, -73.945",40.6451,-73.945
